{
  "overall_accuracy": 0.9932432432432432,
  "per_class_metrics": {
    "barbell biceps curl": {
      "precision": 0.9878048780487805,
      "recall": 0.9759036144578314,
      "f1_score": 0.9818181818181818,
      "support": 83,
      "accuracy": 97.59036144578313
    },
    "hammer curl": {
      "precision": 0.979381443298969,
      "recall": 0.9693877551020408,
      "f1_score": 0.9743589743589743,
      "support": 98,
      "accuracy": 96.93877551020408
    },
    "push-up": {
      "precision": 0.9836065573770492,
      "recall": 1.0,
      "f1_score": 0.9917355371900827,
      "support": 120,
      "accuracy": 100.0
    },
    "shoulder press": {
      "precision": 1.0,
      "recall": 1.0,
      "f1_score": 1.0,
      "support": 242,
      "accuracy": 100.0
    },
    "squat": {
      "precision": 1.0,
      "recall": 1.0,
      "f1_score": 1.0,
      "support": 197,
      "accuracy": 100.0
    }
  },
  "average_metrics": {
    "precision": 0.9901585757449597,
    "recall": 0.9890582739119743,
    "f1_score": 0.9895825386734478
  },
  "confusion_matrix": [
    [
      81,
      2,
      0,
      0,
      0
    ],
    [
      1,
      95,
      2,
      0,
      0
    ],
    [
      0,
      0,
      120,
      0,
      0
    ],
    [
      0,
      0,
      0,
      242,
      0
    ],
    [
      0,
      0,
      0,
      0,
      197
    ]
  ]
}